英雄,分路,胜率,日变化,出场率,第一轮禁用率,第二轮禁用率,赋权禁用率,禁用率,赋权BP率,BP率,巅峰均分,Q区国十,Q区国百,aq国十,aq国百,iq国十,iq国百,av国十,av国百,iv国十,iv国百,场均击杀,场均死亡,场均助攻,KDA,参团率,输出占比,分均输出,承伤占比,分均承伤,分均经济,局均经济,伤转,平均时长,控制时长,治疗量,对塔伤害,胜方MVP,败方MVP,MVP率,拿牌率,超神率,前期胜率,中期胜率,后期胜率
盾山,游走,55.0%,+0.14%,8.6%,86.2%,1.2%,86.7%,87.4%,95.3%,96.0%,"2,284","16,272","14,183","16,738","14,829","15,805","13,536","15,177","13,554","14,878","12,749",0.9,2.5,9.3,4.01,71.6%,9.0%,"2,084",24.9%,"5,750",525,"7,149",0.57,13:37,42.3s,"15,379","1,733",2.4%,4.4%,6.8%,22.2%,0.0%,58.3%,53.3%,49.6%
关羽,对抗路,54.1%,-0.06%,21.0%,22.6%,18.4%,30.0%,41.1%,51.0%,62.1%,"2,284","16,910","14,872","17,135","15,396","16,684","14,347","15,933","14,488","15,909","14,109",2.7,2.9,5.1,2.64,54.5%,15.1%,"3,537",19.3%,"4,480",653,"8,881",0.77,13:36,23.0s,"18,767","2,512",4.3%,5.9%,10.2%,17.9%,1.3%,58.7%,52.5%,49.4%
露娜,打野,54.0%,-0.12%,9.2%,0.1%,1.1%,0.6%,1.2%,9.8%,10.4%,"2,255","16,150","14,546","16,165","14,695","16,134","14,396","15,396","13,554","16,354","13,597",4.0,2.8,4.1,2.88,58.7%,21.2%,"5,252",20.3%,"4,987",797,"10,746",0.89,13:29,9.1s,"7,335","5,540",18.2%,12.7%,30.9%,30.6%,5.1%,56.9%,51.9%,53.9%
鲁班七号,发育路,53.3%,+0.02%,3.3%,0.1%,1.2%,0.6%,1.2%,3.9%,4.5%,"2,288","15,269","13,134","15,537","13,658","15,000","12,609","15,030","13,011","14,587","12,647",3.6,3.2,5.2,2.71,63.0%,28.1%,"6,601",16.1%,"3,730",730,"9,977",1.27,13:40,4.3s,"8,054","14,709",17.6%,11.9%,29.5%,26.7%,5.1%,54.2%,51.7%,52.6%
海月,中路,53.1%,+0.11%,7.9%,88.8%,1.7%,89.4%,90.5%,97.4%,98.4%,"2,280","16,147","14,216","16,214","14,408","16,080","14,024","15,293","13,438","14,738","13,042",3.5,3.2,4.7,2.56,57.6%,21.4%,"4,962",19.1%,"4,669",629,"8,208",1.13,13:03,10.6s,"6,112",903,8.8%,9.2%,18.0%,23.2%,2.4%,52.6%,53.6%,50.6%
大乔,中路/游走,52.8%,+0.16%,21.4%,24.2%,10.2%,28.3%,34.4%,49.7%,55.8%,"2,285","16,782","15,537","16,684","15,354","16,879","15,720","15,720","14,311","16,031","14,469",1.3,2.3,8.5,4.29,72.1%,21.1%,"5,173",17.4%,"4,065",593,"8,085",1.18,13:38,8.0s,"4,526","1,140",9.8%,9.6%,19.4%,28.4%,0.2%,56.4%,51.4%,51.9%
雅典娜,打野,52.6%,+0.01%,3.6%,0.0%,0.0%,0.0%,0.1%,3.7%,3.7%,"2,247","15,400","12,998","15,091","13,463","15,708","12,533","14,518","12,773","14,719","12,170",4.1,4.3,4.5,2.00,63.1%,20.3%,"4,991",22.1%,"5,715",742,"10,277",0.90,13:51,15.0s,"9,167","6,616",6.2%,5.7%,11.9%,12.4%,3.6%,50.7%,54.3%,52.6%
鬼谷子,游走,52.6%,+0.21%,1.2%,0.1%,0.1%,0.1%,0.2%,1.3%,1.4%,"2,285","14,814","12,556","15,177","13,339","14,451","11,773","14,384","12,535","13,884","11,639",0.8,2.9,11.1,4.11,75.4%,8.7%,"1,997",20.6%,"4,326",498,"6,640",0.59,13:20,14.7s,"7,101",725,1.5%,3.1%,4.6%,9.3%,0.0%,48.6%,54.2%,53.4%
蒙恬,对抗路,52.5%,+0.13%,9.9%,0.6%,4.0%,2.2%,4.7%,12.2%,14.6%,"2,276","15,735","14,067","15,945","14,652","15,524","13,481","15,256","13,884","15,177","13,121",2.3,2.8,4.8,2.56,52.3%,18.6%,"4,607",23.3%,"5,604",636,"8,607",0.97,13:32,21.7s,"27,244","6,636",7.8%,5.9%,13.7%,22.6%,0.4%,60.6%,48.7%,41.3%
上官婉儿,中路,52.5%,-0.03%,3.2%,0.0%,0.1%,0.0%,0.1%,3.3%,3.3%,"2,267","15,601","13,643","15,720","13,987","15,482","13,298","14,957","13,341","15,420","13,310",3.8,3.7,4.7,2.27,62.4%,24.3%,"5,667",17.6%,"4,242",644,"8,232",1.24,12:47,1.4s,"12,915","3,389",11.7%,7.0%,18.7%,21.1%,4.1%,54.4%,51.7%,45.2%
典韦,打野,52.3%,-0.07%,4.7%,0.0%,0.1%,0.1%,0.1%,4.7%,4.7%,"2,265","15,293","13,082","15,732","14,012","14,854","12,151","15,177","13,243","14,402","12,017",4.1,3.0,4.5,2.88,63.5%,22.0%,"5,282",19.9%,"4,696",754,"9,852",0.97,13:04,6.3s,"12,488","8,548",13.4%,8.5%,21.9%,21.4%,8.9%,51.2%,54.2%,48.4%
元流之子(辅助),游走,52.2%,+0.06%,31.8%,26.7%,5.0%,28.7%,31.8%,60.5%,63.5%,"2,286","17,108","15,537","17,403","15,604","16,812","15,470","15,909","14,634","16,031","14,658",0.9,2.0,8.5,4.80,73.9%,13.1%,"3,119",26.4%,"6,738",524,"6,864",0.82,13:06,0.0s,"83,515","3,491",10.7%,10.1%,20.8%,32.6%,0.0%,50.8%,53.4%,53.5%
西施,中路,52.2%,-0.15%,8.8%,0.4%,2.0%,1.2%,2.4%,10.0%,11.2%,"2,267","16,205","14,719","16,141","14,902","16,269","14,535","15,258","14,024","14,945","13,688",1.7,2.7,7.4,3.34,63.7%,18.8%,"4,364",12.7%,"2,902",544,"7,244",1.13,13:19,18.6s,"5,740",782,1.5%,6.0%,7.5%,16.5%,0.4%,55.4%,52.5%,44.9%
鲁班大师,游走,52.0%,+0.14%,12.0%,1.8%,5.7%,4.1%,7.5%,16.1%,19.6%,"2,294","16,342","14,053","16,915","14,939","15,768","13,166","15,470","13,597","14,829","12,507",0.9,2.1,9.9,5.16,75.5%,10.3%,"2,344",30.4%,"7,267",514,"6,776",0.67,13:11,33.6s,"5,967","2,103",11.1%,6.6%,17.7%,28.2%,0.0%,51.6%,52.9%,53.5%
高渐离,中路,51.8%,-0.31%,3.4%,0.0%,0.1%,0.1%,0.1%,3.5%,3.5%,"2,271","15,314","13,335","15,579","14,085","15,049","12,584","15,091","13,542","14,670","12,487",3.9,3.3,5.4,2.79,64.9%,25.8%,"6,100",19.4%,"4,713",688,"8,955",1.27,13:01,1.0s,"11,190","3,846",10.4%,10.4%,20.8%,23.0%,1.6%,52.3%,51.7%,52.5%
太乙真人,游走,51.8%,+0.17%,11.4%,0.5%,2.1%,1.3%,2.5%,12.6%,13.9%,"2,281","16,025","14,073","16,470","14,658","15,579","13,487","15,427","13,786","15,537","12,950",0.9,2.5,8.4,3.75,67.6%,9.1%,"2,108",26.3%,"6,162",537,"7,232",0.56,13:28,25.0s,"6,881",502,5.3%,3.1%,8.4%,23.4%,0.0%,50.5%,54.0%,48.0%
镜,打野,51.8%,0.00%,20.6%,34.2%,10.4%,38.3%,44.5%,58.9%,65.1%,"2,265","17,092","15,375","17,397","15,445","16,787","15,305","16,342","14,628","16,470","14,689",4.2,2.4,4.8,3.73,64.1%,21.2%,"5,205",18.4%,"4,379",776,"10,644",0.91,13:43,4.3s,"38,811","8,288",18.2%,13.9%,32.1%,34.6%,7.8%,52.9%,51.2%,50.5%
嫦娥,中路,51.8%,-0.03%,24.1%,11.0%,14.2%,16.7%,25.2%,40.8%,49.3%,"2,271","16,620","15,192","16,470","15,207","16,769","15,177","15,768","14,719","16,031","14,652",2.6,2.5,6.1,3.45,65.5%,24.8%,"5,849",20.1%,"5,078",695,"9,244",1.18,13:18,12.9s,"33,210","2,377",12.4%,11.8%,24.2%,25.8%,1.2%,51.7%,51.0%,48.0%
云中君,打野,51.7%,+0.15%,1.1%,0.0%,0.0%,0.0%,0.0%,1.1%,1.1%,"2,218","14,766","12,914","14,945","13,542","14,587","12,285","14,439","12,755","14,762","12,176",3.5,2.9,4.8,2.88,59.2%,15.4%,"3,650",17.1%,"4,108",728,"9,464",0.69,13:00,14.2s,"11,405","6,278",3.3%,10.0%,13.3%,8.3%,1.7%,50.2%,53.6%,52.4%
少司缘,游走,51.6%,-0.09%,29.9%,56.1%,3.6%,57.5%,59.7%,87.4%,89.5%,"2,288","17,218","15,973","17,202","15,903","17,233","16,043","16,006","14,994","16,385","15,207",1.3,2.6,9.3,4.11,75.3%,12.6%,"3,003",22.9%,"5,353",584,"7,611",0.73,13:02,10.6s,"73,417","1,044",10.4%,6.1%,16.5%,40.4%,0.0%,52.9%,51.2%,48.0%
孙策,对抗路,51.6%,0.00%,2.5%,0.0%,0.0%,0.0%,0.0%,2.5%,2.5%,"2,273","15,253","13,027","15,396","13,646","15,110","12,407","14,985","12,980","15,177","12,066",2.7,3.7,6.1,2.38,63.3%,15.0%,"3,347",20.5%,"4,571",646,"8,452",0.77,13:05,15.3s,"12,987","3,619",5.3%,3.1%,8.4%,15.3%,0.8%,55.5%,50.0%,47.8%
阿古朵,打野,51.6%,+0.02%,11.0%,1.9%,5.4%,4.1%,7.3%,15.1%,18.4%,"2,255","16,104","14,277","16,519","14,603","15,689","13,951","15,537","14,170","15,592","13,932",3.6,2.4,5.0,3.56,67.3%,23.3%,"5,707",26.0%,"6,904",751,"9,700",1.03,12:55,8.5s,"57,992","13,853",11.8%,7.8%,19.6%,14.1%,6.1%,56.3%,47.4%,44.4%
百里玄策,打野,51.5%,+0.13%,9.4%,0.7%,2.8%,1.8%,3.4%,11.3%,12.9%,"2,270","15,879","14,378","15,457","14,274","16,301","14,481","14,951","13,841","15,439","14,115",4.1,3.3,4.3,2.57,61.2%,16.1%,"3,725",17.0%,"3,846",787,"10,192",0.69,12:57,12.2s,"7,358","11,028",9.6%,4.8%,14.4%,13.8%,5.4%,53.6%,49.6%,50.4%
戈娅,发育路,51.5%,+0.07%,14.4%,0.7%,10.7%,5.0%,11.4%,19.4%,25.8%,"2,282","16,864","15,138","16,836","15,293","16,891","14,982","15,860","14,579","15,964","14,079",3.2,2.8,5.7,3.20,62.0%,25.6%,"6,217",17.0%,"4,065",722,"9,591",1.19,13:17,3.0s,"10,245","9,897",11.1%,7.4%,18.5%,21.7%,4.3%,52.3%,53.0%,48.8%
周瑜,中路,51.4%,+0.19%,1.3%,0.0%,0.0%,0.0%,0.0%,1.3%,1.3%,"2,294","14,701","12,450","14,933","13,042","14,469","11,858","14,280","12,224","14,231","11,621",2.0,3.0,6.9,2.94,67.4%,27.5%,"6,711",16.3%,"3,774",655,"8,788",1.42,13:25,13.3s,"21,519","7,356",17.6%,4.4%,22.0%,30.9%,0.0%,54.9%,49.7%,49.3%
花木兰,对抗路,51.4%,+0.07%,6.6%,0.0%,0.1%,0.0%,0.1%,6.6%,6.7%,"2,267","15,815","14,360","15,793","14,579","15,836","14,140","15,537","13,871","15,561","13,926",3.5,3.3,4.6,2.44,54.8%,19.4%,"4,780",18.4%,"4,288",704,"9,621",0.92,13:40,19.7s,"11,380","4,673",9.1%,8.8%,17.9%,28.5%,2.6%,54.3%,50.2%,47.9%
貂蝉,中路,51.4%,-0.02%,5.4%,0.2%,0.4%,0.3%,0.6%,5.7%,6.0%,"2,272","16,027","14,183","16,023","14,384","16,031","13,981","15,329","13,939","15,549","14,018",3.1,3.5,4.6,2.16,57.9%,25.3%,"6,133",19.9%,"4,965",724,"9,472",1.17,13:05,2.4s,"27,311",828,14.7%,7.7%,22.4%,23.4%,1.7%,47.2%,53.6%,57.3%
蒙犽,发育路,51.4%,-0.12%,0.8%,0.0%,0.1%,0.0%,0.1%,0.9%,0.9%,"2,265","14,755","12,838","14,982","13,438","14,528","12,237","14,811","12,999","14,542","12,956",3.5,2.3,4.0,3.31,56.7%,25.8%,"6,323",16.8%,"3,876",750,"10,075",1.13,13:26,2.1s,"29,972","13,549",18.6%,7.0%,25.6%,25.6%,4.7%,50.3%,54.3%,53.5%
敖隐,发育路,51.4%,+0.02%,21.1%,73.5%,2.7%,74.6%,76.2%,95.7%,97.3%,"2,285","16,827","14,860","17,062","15,201","16,592","14,518","15,604","13,920","15,384","13,524",3.2,2.0,4.6,4.00,57.8%,24.0%,"5,801",17.0%,"4,094",707,"9,438",1.12,13:21,5.9s,"26,880","13,130",12.0%,11.2%,23.2%,22.7%,3.5%,54.5%,49.5%,49.6%
大禹,游走,51.2%,-0.01%,18.8%,1.0%,2.4%,2.0%,3.4%,20.8%,22.2%,"2,269","16,254","14,759","16,641","15,207","15,866","14,311","16,055","14,610","15,726","14,280",0.6,2.1,9.4,4.65,75.3%,8.5%,"2,025",24.5%,"6,058",521,"6,947",0.54,13:20,26.0s,"69,997","1,750",6.2%,4.5%,10.7%,26.2%,0.0%,54.3%,50.3%,49.1%
孙尚香,发育路,51.2%,-0.38%,4.9%,0.0%,0.2%,0.1%,0.2%,4.9%,5.0%,"2,289","16,107","14,348","16,122","14,616","16,092","14,079","15,604","13,731","15,899","13,884",3.5,2.7,4.3,2.84,58.4%,25.3%,"5,959",17.0%,"3,885",725,"9,630",1.15,13:17,4.9s,"9,478","13,693",14.7%,11.6%,26.3%,26.7%,5.4%,54.4%,49.8%,46.9%
芈月,对抗路,51.1%,+0.08%,3.0%,0.1%,0.2%,0.2%,0.3%,3.1%,3.3%,"2,276","15,680","13,606","15,628","14,103","15,732","13,109","15,005","13,237","15,525","13,207",2.3,3.1,3.5,1.87,45.8%,21.5%,"5,163",21.9%,"5,083",703,"8,928",1.03,12:42,0.4s,"27,350","8,172",8.9%,3.8%,12.7%,15.8%,1.9%,54.5%,49.0%,44.5%
司马懿,打野,51.1%,-0.20%,3.0%,0.0%,0.1%,0.1%,0.1%,3.1%,3.1%,"2,248","15,369","13,246","15,537","13,908","15,201","12,584","15,177","13,207","14,902","12,560",3.8,3.0,3.9,2.53,61.4%,19.1%,"4,487",17.8%,"4,323",737,"10,072",0.83,13:40,5.8s,"13,255","7,557",7.5%,6.9%,14.4%,7.5%,4.4%,51.1%,50.4%,55.9%
盘古,打野,51.0%,-0.15%,1.7%,0.1%,0.2%,0.1%,0.2%,1.9%,2.0%,"2,252","14,381","12,454","14,762","13,329","14,000","11,578","14,347","12,694","14,311","11,340",3.8,3.3,4.7,2.56,59.7%,21.7%,"5,374",19.2%,"4,649",729,"9,999",0.98,13:43,49.8s,"31,515","6,216",13.0%,5.4%,18.4%,25.0%,3.3%,50.5%,51.4%,51.9%
达摩,对抗路,51.0%,-0.25%,4.3%,0.0%,0.0%,0.0%,0.0%,4.3%,4.3%,"2,278","15,089","13,216","15,378","13,847","14,799","12,584","15,360","13,280","14,445","11,730",2.5,3.2,5.2,2.40,54.9%,15.3%,"3,540",21.3%,"5,062",643,"8,595",0.79,13:22,20.1s,"34,930","2,946",4.0%,4.9%,8.9%,12.8%,1.3%,52.2%,50.4%,50.1%
诸葛亮,中路/打野,50.9%,-0.06%,17.2%,0.5%,0.7%,0.8%,1.2%,17.9%,18.4%,"2,267","16,110","14,829","16,098","15,061","16,122","14,597","15,768","14,652","15,909","14,426",3.8,3.0,4.5,2.77,62.2%,27.5%,"6,720",16.9%,"4,024",754,"9,903",1.22,13:08,1.3s,"5,463",901,15.6%,13.9%,29.5%,20.4%,5.3%,50.8%,50.5%,52.6%
不知火舞,中路,50.9%,+0.09%,11.1%,0.5%,4.1%,2.1%,4.6%,13.3%,15.8%,"2,273","16,354","14,729","16,470","14,982","16,238","14,475","15,543","14,042","15,897","13,964",2.7,3.2,5.9,2.72,61.3%,20.6%,"4,793",17.3%,"4,142",631,"8,371",1.09,13:16,26.6s,"5,880","1,188",5.6%,7.4%,13.0%,22.1%,0.5%,54.2%,49.3%,43.3%
蚩奼,发育路/对抗路,50.9%,+0.08%,12.3%,0.4%,2.5%,1.4%,2.8%,13.7%,15.2%,"2,278","16,491","14,744","16,915","15,177","16,067","14,311","15,970","14,372","15,689","13,743",3.6,3.4,4.3,2.37,54.5%,22.2%,"5,276",20.6%,"5,077",703,"9,326",1.05,13:16,7.8s,"25,315","8,686",10.4%,5.9%,16.3%,20.6%,3.7%,50.2%,50.8%,54.2%
马超,打野/对抗路,50.9%,+0.04%,25.0%,32.9%,9.5%,36.7%,42.4%,61.6%,67.3%,"2,279","17,101","15,525","17,287","15,695","16,915","15,354","16,159","14,799","16,482","14,689",3.9,2.5,4.3,3.32,61.6%,20.9%,"5,011",19.8%,"4,718",801,"10,560",0.87,13:11,2.2s,"39,764","8,167",16.3%,9.3%,25.6%,25.1%,6.6%,50.7%,50.0%,50.4%
元歌,对抗路,50.8%,-0.15%,15.5%,11.1%,7.8%,14.2%,18.9%,29.7%,34.4%,"2,264","15,955","14,789","16,086","15,158","15,823","14,420","15,750","14,536","16,000","14,054",3.0,2.2,4.6,3.46,55.8%,21.0%,"5,116",13.6%,"2,986",665,"9,166",1.03,13:47,3.6s,"13,361","5,397",8.4%,10.8%,19.2%,25.4%,2.9%,51.1%,50.6%,52.7%
橘右京,打野,50.8%,-0.05%,4.2%,0.0%,0.2%,0.1%,0.2%,4.3%,4.4%,"2,259","15,635","13,638","15,665","13,945","15,604","13,330","15,207","13,408","15,189","13,011",3.6,2.5,4.4,3.24,61.1%,20.4%,"4,818",18.4%,"4,350",771,"10,062",0.87,13:03,9.9s,"32,131","6,481",10.8%,4.5%,15.3%,19.3%,8.5%,51.6%,49.4%,50.1%
亚瑟,对抗路/游走,50.6%,-0.36%,2.1%,0.0%,0.1%,0.0%,0.1%,2.1%,2.2%,"2,258","14,948","12,950","15,189","13,694","14,707","12,206","14,695","12,926","14,207","11,944",3.1,3.0,5.3,2.78,65.5%,15.7%,"3,733",25.6%,"6,656",613,"8,347",0.82,13:37,13.9s,"50,780","2,123",6.3%,9.9%,16.2%,17.1%,1.8%,46.7%,53.1%,53.7%
公孙离,发育路,50.6%,+0.19%,13.6%,3.5%,9.8%,7.5%,13.3%,21.0%,26.9%,"2,286","16,940","15,467","16,958","15,646","16,921","15,287","15,768","14,353","16,275","14,504",3.5,2.7,4.4,2.97,57.3%,22.8%,"5,497",16.4%,"3,923",723,"9,640",1.05,13:20,2.3s,"10,620","10,191",13.6%,8.5%,22.1%,27.6%,4.7%,47.9%,51.4%,54.7%
裴擒虎,打野,50.6%,-0.05%,19.6%,41.5%,11.9%,46.3%,53.4%,65.8%,73.0%,"2,262","16,824","15,137","16,763","15,396","16,885","14,878","16,031","14,384","16,470","14,548",4.1,2.7,4.3,3.15,64.5%,20.2%,"4,765",18.1%,"4,314",778,"10,257",0.86,13:11,3.4s,"7,336","11,449",13.5%,9.6%,23.1%,23.2%,7.4%,52.1%,48.5%,49.3%
莱西奥,发育路,50.6%,+0.21%,4.0%,0.0%,0.0%,0.0%,0.0%,4.0%,4.0%,"2,275","15,607","13,738","16,037","14,323","15,177","13,153","15,121","13,615","15,226","13,304",3.3,2.7,4.8,3.04,60.3%,27.0%,"6,553",15.8%,"3,740",719,"9,718",1.24,13:31,0.6s,"10,649","14,076",12.7%,9.9%,22.6%,15.5%,3.8%,48.6%,51.8%,52.6%
黄忠,发育路,50.5%,-0.12%,1.2%,0.0%,0.0%,0.0%,0.0%,1.2%,1.2%,"2,318","14,646","12,792","15,177","13,237","14,115","12,346","15,098","12,859","14,610","12,474",2.3,2.2,4.0,2.86,52.1%,24.9%,"5,607",16.2%,"3,786",689,"8,854",1.17,12:51,17.6s,"8,118","11,040",9.4%,1.6%,11.0%,10.9%,1.6%,46.5%,51.5%,53.7%
伽罗,发育路,50.3%,+0.75%,0.7%,0.0%,0.1%,0.0%,0.1%,0.7%,0.8%,"2,286","14,958","12,759","15,177","13,347","14,738","12,170","14,483","12,584","14,932","12,487",3.2,2.2,5.3,3.81,61.1%,26.5%,"6,514",15.4%,"3,440",740,"9,990",1.19,13:30,6.5s,"12,683","16,337",16.2%,5.4%,21.6%,24.3%,2.7%,48.8%,50.6%,50.8%
武则天,中路,50.3%,-0.05%,10.8%,4.7%,17.8%,11.8%,22.5%,22.6%,33.3%,"2,269","16,281","14,613","16,482","14,756","16,080","14,469","15,323","14,060","15,317","14,085",1.7,2.5,7.7,3.76,69.5%,22.3%,"5,197",13.6%,"3,127",598,"7,993",1.23,13:22,39.0s,"5,509",593,3.8%,5.6%,9.4%,13.5%,0.0%,53.5%,48.9%,48.0%
艾琳,发育路,50.3%,+0.13%,10.9%,0.4%,8.7%,3.9%,9.1%,14.8%,20.0%,"2,270","16,296","14,720","16,647","15,055","15,945","14,384","15,543","14,414","15,628","14,252",3.3,2.7,4.6,2.87,61.0%,28.4%,"6,808",18.1%,"4,441",716,"9,380",1.31,13:06,2.0s,"5,413","13,577",16.0%,11.5%,27.5%,25.4%,5.0%,51.1%,50.2%,43.6%
哪吒,对抗路/打野,50.3%,+0.21%,15.1%,3.3%,6.3%,5.8%,9.5%,20.9%,24.6%,"2,266","15,851","14,491","15,994","14,945","15,708","14,036","15,665","14,445","15,561","13,884",3.7,3.3,5.7,2.79,65.6%,19.1%,"4,644",22.9%,"5,656",643,"8,681",0.99,13:30,0.0s,"5,706","1,669",6.1%,7.1%,13.2%,12.8%,1.6%,45.7%,52.5%,53.1%
后羿,发育路,50.3%,-0.04%,5.8%,0.1%,1.1%,0.5%,1.2%,6.3%,7.0%,"2,268","15,424","13,865","15,683","14,231","15,165","13,499","15,317","13,884","15,213","13,572",2.5,2.7,5.8,3.02,58.6%,20.2%,"4,635",15.3%,"3,462",686,"8,598",0.97,12:32,15.5s,"11,312","11,964",6.5%,2.6%,9.1%,15.0%,2.3%,49.1%,50.5%,51.9%
老夫子,对抗路,50.2%,-0.11%,9.6%,2.1%,15.4%,8.3%,17.6%,17.9%,27.2%,"2,278","15,708","13,884","15,958","14,451","15,457","13,316","15,268","13,481","15,012","12,575",1.6,3.1,5.1,2.16,51.3%,12.3%,"2,845",18.2%,"4,172",639,"8,307",0.63,13:00,10.2s,"10,683","6,998",1.2%,5.1%,6.3%,24.4%,0.0%,44.7%,52.7%,56.1%
李元芳,打野/发育路,50.2%,-0.16%,1.4%,0.0%,0.1%,0.0%,0.1%,1.4%,1.5%,"2,249","15,046","13,085","15,213","13,530","14,878","12,639","15,018","13,310","14,567","13,139",3.3,2.9,5.1,2.94,66.0%,23.3%,"5,615",17.1%,"3,991",756,"10,206",1.01,13:30,2.8s,"8,315","10,720",9.3%,1.3%,10.6%,9.3%,4.0%,52.8%,48.7%,49.2%
韩信,打野,50.2%,0.00%,8.5%,0.1%,0.6%,0.4%,0.7%,8.8%,9.2%,"2,255","15,699","14,396","15,714","14,603","15,683","14,189","15,250","13,737","15,384","13,945",3.3,2.4,4.5,3.21,60.8%,18.3%,"4,325",16.5%,"3,877",790,"10,507",0.77,13:18,15.9s,"6,280","10,185",10.9%,8.2%,19.1%,20.7%,4.4%,48.9%,50.2%,52.0%
梦奇,打野/对抗路,50.2%,-0.49%,1.0%,0.0%,0.0%,0.0%,0.0%,1.0%,1.0%,"2,255","15,003","12,588","15,220","13,182","14,786","11,993","14,846","12,401","14,646","11,505",2.7,1.9,4.8,3.97,57.4%,21.5%,"5,149",23.6%,"6,031",725,"9,377",0.97,12:56,4.8s,"6,902","7,263",11.1%,7.4%,18.5%,31.5%,1.9%,47.9%,52.0%,49.6%
大司命,打野,50.1%,+0.26%,4.4%,0.1%,0.5%,0.3%,0.6%,4.6%,4.9%,"2,251","15,644","13,893","15,848","14,347","15,439","13,438","15,073","13,579","15,122","12,877",3.8,3.1,4.4,2.62,60.3%,23.2%,"5,969",20.9%,"5,222",757,"10,320",1.02,13:38,6.8s,"39,047","7,242",13.3%,7.3%,20.6%,16.7%,4.7%,48.5%,51.5%,49.7%
庄周,游走,49.9%,+0.15%,0.6%,0.1%,0.1%,0.1%,0.2%,0.8%,0.9%,"2,257","14,070","10,840","14,311","11,499","13,829","10,180","13,020","11,176","13,402","10,620",0.9,1.9,7.4,4.40,66.3%,12.9%,"2,980",27.3%,"6,740",518,"6,639",0.80,12:49,7.2s,"22,867",460,6.1%,9.1%,15.2%,27.3%,0.0%,46.8%,51.8%,51.6%
影,对抗路,49.9%,+0.02%,24.2%,5.8%,9.7%,9.7%,15.5%,33.8%,39.6%,"2,273","16,717","15,314","16,860","15,604","16,574","15,024","15,976","14,829","15,982","14,548",3.1,3.0,4.2,2.46,54.0%,22.3%,"5,526",25.9%,"6,526",698,"9,249",1.07,13:15,0.5s,"33,275","9,008",11.0%,10.7%,21.7%,16.3%,2.5%,51.3%,49.8%,49.0%
苍,发育路,49.8%,+0.06%,10.4%,0.0%,0.9%,0.4%,0.9%,10.8%,11.3%,"2,277","16,155","14,579","16,243","14,884","16,067","14,274","15,604","14,048","15,305","13,499",3.1,2.7,4.5,2.78,56.1%,25.5%,"6,166",15.5%,"3,640",699,"9,273",1.21,13:16,5.3s,"9,449","11,792",10.7%,7.3%,18.0%,18.1%,3.3%,49.0%,50.6%,50.6%
虞姬,发育路,49.8%,-0.06%,8.8%,0.2%,4.4%,1.9%,4.6%,10.7%,13.4%,"2,270","15,598","14,177","15,726","14,469","15,470","13,884","15,177","13,682","15,177","13,621",2.9,2.6,4.4,2.79,54.2%,24.6%,"5,866",14.8%,"3,466",700,"9,345",1.16,13:21,7.2s,"9,031","12,453",9.9%,4.5%,14.4%,15.0%,1.9%,50.2%,49.8%,52.0%
夏洛特,对抗路,49.7%,+0.12%,8.5%,0.1%,0.3%,0.2%,0.3%,8.7%,8.8%,"2,288","16,065","14,265","16,446","14,957","15,683","13,572","15,421","13,884","15,177","12,963",2.6,3.0,4.1,2.21,50.1%,19.4%,"4,676",21.6%,"5,073",686,"9,078",0.94,13:14,5.8s,"40,238","4,049",6.4%,6.4%,12.8%,19.9%,1.3%,48.8%,51.3%,47.7%
狄仁杰,发育路,49.7%,-0.17%,5.7%,0.4%,9.1%,4.1%,9.5%,9.8%,15.2%,"2,279","15,369","13,478","15,604","13,957","15,134","12,999","15,079","13,414","14,928","12,998",2.7,2.5,5.4,3.18,62.1%,25.9%,"6,215",18.1%,"4,493",708,"9,357",1.21,13:13,8.6s,"8,975","16,054",10.8%,8.5%,19.3%,24.3%,1.3%,51.9%,48.5%,46.8%
李信,发育路/对抗路,49.7%,+0.33%,10.9%,0.1%,0.6%,0.3%,0.6%,11.2%,11.5%,"2,270","15,863","14,427","16,177","14,908","15,549","13,945","15,738","14,359","15,232","13,560",3.1,2.6,3.8,2.63,49.5%,24.3%,"5,947",18.2%,"4,479",731,"10,063",1.11,13:46,2.5s,"24,950","13,359",11.6%,10.9%,22.5%,25.4%,2.1%,54.7%,46.3%,47.2%
苏烈,游走,49.7%,-0.13%,14.6%,6.0%,16.1%,12.4%,22.1%,27.0%,36.6%,"2,281","16,159","14,509","16,513","15,134","15,805","13,884","15,744","14,237","15,506","13,365",0.9,2.7,8.5,3.46,70.0%,10.2%,"2,361",32.4%,"8,120",508,"6,833",0.66,13:27,27.6s,"54,526","3,018",4.8%,3.9%,8.7%,16.9%,0.0%,50.6%,48.5%,51.7%
张良,游走/中路,49.6%,+0.23%,3.3%,0.9%,2.9%,2.1%,3.8%,5.4%,7.2%,"2,266","14,470","12,167","14,927","12,853","14,012","11,480","14,829","12,226","14,738","12,016",1.2,3.2,9.9,3.53,69.3%,11.2%,"2,613",17.3%,"3,477",521,"6,747",0.72,12:57,32.8s,"5,773",793,3.4%,2.8%,6.2%,16.9%,0.0%,50.4%,49.6%,47.3%
阿轲,打野,49.5%,-0.02%,0.5%,0.0%,0.0%,0.0%,0.0%,0.5%,0.5%,"2,207","14,631","12,582","14,695","12,847","14,567","12,316","14,335","12,584","14,741","12,761",4.8,3.3,5.8,3.25,68.1%,18.5%,"4,680",17.7%,"4,587",753,"10,956",0.83,14:33,2.3s,"39,579","6,377",15.4%,3.8%,19.2%,15.4%,15.4%,45.8%,52.0%,51.5%
李白,打野,49.5%,+0.32%,2.6%,0.0%,0.1%,0.1%,0.1%,2.7%,2.7%,"2,281","15,537","13,619","15,598","13,890","15,476","13,347","14,744","12,950","15,038","13,286",3.2,2.4,5.0,3.42,63.0%,22.5%,"5,394",14.5%,"3,331",741,"10,226",1.00,13:48,12.5s,"8,268","5,591",12.1%,7.1%,19.2%,15.6%,3.5%,50.0%,49.6%,52.8%
姬小满,对抗路,49.5%,+0.20%,4.9%,0.0%,0.1%,0.0%,0.1%,4.9%,5.0%,"2,280","15,598","13,628","15,592","14,103","15,604","13,152","15,280","13,731","15,146","12,493",3.8,3.2,3.8,2.34,51.6%,15.4%,"3,552",20.0%,"4,589",670,"9,123",0.76,13:37,18.8s,"35,136","3,483",9.2%,6.5%,15.7%,26.4%,2.7%,48.9%,50.2%,49.6%
杨戬,对抗路/打野,49.4%,-0.25%,9.4%,0.1%,0.7%,0.4%,0.8%,9.8%,10.2%,"2,274","15,790","14,067","16,147","14,567","15,433","13,566","15,671","14,073","15,137","13,109",3.3,3.0,4.4,2.55,55.7%,20.6%,"5,030",23.7%,"5,898",669,"9,188",1.01,13:44,12.5s,"45,171","3,753",9.4%,7.4%,16.8%,15.8%,1.4%,50.1%,49.5%,46.6%
桑启,游走,49.4%,-0.19%,1.5%,0.0%,0.0%,0.0%,0.0%,1.5%,1.5%,"2,265","15,199","13,414","15,470","13,810","14,927","13,017","14,603","13,011","15,077","12,584",1.3,2.6,8.3,3.65,73.2%,11.7%,"2,832",22.8%,"5,513",503,"6,765",0.75,13:27,11.4s,"81,917",866,9.8%,4.9%,14.7%,23.1%,0.0%,49.0%,50.2%,48.0%
兰陵王,对抗路/打野,49.4%,+0.34%,0.6%,0.0%,0.0%,0.0%,0.0%,0.6%,0.6%,"2,259","14,649","12,008","14,902","12,719","14,396","11,297","13,853","11,791","13,719","11,340",3.6,4.7,4.8,1.78,60.7%,15.7%,"3,686",17.7%,"3,929",677,"9,399",0.78,13:53,16.9s,"19,738","2,996",0.0%,5.9%,5.9%,5.9%,0.0%,46.1%,49.4%,52.2%
女娲,中路,49.3%,-0.18%,22.4%,13.5%,21.6%,22.1%,35.1%,44.6%,57.5%,"2,277","16,675","15,284","16,879","15,543","16,470","15,024","15,586","14,439","15,567","14,176",2.5,2.1,7.1,4.51,71.1%,27.2%,"6,698",11.3%,"2,584",640,"8,853",1.39,13:50,26.3s,"5,848",790,13.4%,16.7%,30.1%,30.2%,1.0%,46.6%,49.9%,52.4%
铠,打野,49.3%,+0.04%,5.5%,0.1%,0.7%,0.4%,0.8%,5.9%,6.3%,"2,256","15,482","13,737","15,787","14,463","15,177","13,011","15,024","13,665","14,750","12,780",3.2,2.4,4.5,3.18,57.5%,18.6%,"4,560",18.4%,"4,548",714,"9,699",0.85,13:35,17.1s,"32,084","7,591",8.2%,7.1%,15.3%,13.2%,4.1%,47.9%,51.1%,45.7%
杨玉环,中路/游走,49.3%,-0.12%,11.7%,0.0%,0.2%,0.1%,0.2%,11.8%,11.9%,"2,274","16,254","14,765","16,281","14,792","16,226","14,738","15,811","14,274","16,177","14,420",2.4,2.4,6.9,3.82,71.6%,21.3%,"4,976",19.5%,"4,839",637,"8,207",1.10,12:53,13.7s,"50,331","3,182",12.6%,8.9%,21.5%,30.9%,1.1%,47.5%,51.2%,48.0%
扁鹊,中路,49.2%,-0.05%,4.0%,0.1%,0.1%,0.1%,0.1%,4.1%,4.2%,"2,278","15,580","13,857","16,031","14,378","15,128","13,335","15,317","13,713","15,158","13,432",2.4,2.3,6.4,3.83,73.8%,23.7%,"5,577",16.2%,"4,176",638,"8,326",1.22,13:03,16.0s,"57,309","1,155",12.6%,10.3%,22.9%,28.1%,1.4%,46.7%,50.6%,54.9%
孙膑,游走,49.2%,-0.57%,0.6%,0.0%,0.0%,0.0%,0.1%,0.6%,0.7%,"2,265","14,027","11,691","14,017","11,968","14,036","11,413","14,639","11,273","15,127","11,582",0.6,1.8,8.5,5.03,73.4%,12.9%,"3,116",21.0%,"4,945",515,"6,987",0.81,13:34,13.3s,"40,398",662,9.4%,12.5%,21.9%,25.0%,0.0%,44.9%,50.9%,51.1%
赵云,打野,49.2%,+0.13%,11.3%,0.1%,0.9%,0.5%,1.0%,11.8%,12.4%,"2,261","15,729","14,430","16,019","14,823","15,439","14,036","15,232","14,176","15,445","14,018",3.4,2.5,4.6,3.24,59.5%,17.8%,"4,252",19.3%,"4,659",749,"9,937",0.79,13:16,8.0s,"43,008","5,032",6.1%,4.8%,10.9%,11.5%,5.3%,45.8%,51.3%,51.1%
小乔,中路,49.1%,-0.17%,14.2%,0.1%,1.5%,0.7%,1.6%,14.8%,15.8%,"2,276","16,290","15,024","16,403","15,201","16,177","14,847","15,396","14,262","15,653","14,274",2.5,2.9,5.8,2.89,61.0%,22.8%,"5,239",14.5%,"3,379",616,"8,152",1.22,13:14,14.6s,"5,326",660,5.4%,9.6%,15.0%,19.5%,0.3%,49.4%,49.0%,48.9%
百里守约,发育路,49.1%,-0.11%,18.0%,1.6%,7.9%,4.7%,9.5%,22.7%,27.4%,"2,269","16,211","15,096","16,415","15,374","16,006","14,817","15,604","14,548","15,836","14,414",2.8,2.2,4.8,3.36,56.5%,24.8%,"6,024",14.3%,"3,411",695,"9,371",1.17,13:29,2.3s,"9,181","10,362",12.8%,10.6%,23.4%,20.9%,2.7%,45.0%,51.0%,54.9%
刘邦,游走/对抗路,48.9%,+0.12%,8.4%,0.6%,1.1%,1.1%,1.7%,9.4%,10.1%,"2,268","15,525","14,003","15,799","14,610","15,250","13,396","15,348","14,195","15,604","13,109",2.6,2.9,8.1,3.74,72.8%,11.7%,"2,697",27.2%,"6,553",556,"7,339",0.70,13:12,8.3s,"9,425","2,237",14.3%,7.4%,21.7%,27.6%,1.8%,47.4%,49.4%,51.3%
海诺,中路,48.9%,+0.16%,6.0%,0.1%,0.6%,0.3%,0.6%,6.3%,6.7%,"2,285","15,726","13,856","16,049","14,140","15,402","13,572","15,317","13,530","15,030","13,024",1.8,2.2,5.6,3.38,58.0%,30.4%,"7,927",26.0%,"7,061",677,"9,343",1.50,13:48,0.8s,"41,134","1,138",14.4%,15.6%,30.0%,31.3%,0.3%,52.6%,47.1%,46.4%
东皇太一,对抗路/游走,48.9%,-0.14%,0.7%,0.0%,0.1%,0.1%,0.1%,0.8%,0.8%,"2,277","14,116","11,850","15,000","12,658","13,231","11,041","13,896","12,048","13,841","11,578",2.7,3.7,6.9,2.63,60.3%,15.8%,"3,787",26.9%,"6,327",611,"7,821",0.89,12:48,16.5s,"36,153","1,808",7.7%,2.6%,10.3%,30.8%,0.0%,48.8%,48.4%,47.0%
孙悟空,打野,48.8%,-0.12%,11.0%,1.0%,2.2%,1.9%,3.3%,12.9%,14.3%,"2,269","16,022","14,119","16,067","14,640","15,976","13,597","15,280","13,884","14,945","13,353",4.3,3.5,3.6,2.28,56.8%,18.2%,"4,241",18.7%,"4,413",776,"10,243",0.78,13:12,7.0s,"6,270","6,424",11.3%,7.2%,18.5%,16.0%,6.8%,48.0%,49.4%,50.6%
刘备,打野,48.8%,-0.21%,0.6%,0.0%,0.0%,0.0%,0.0%,0.6%,0.6%,"2,232","14,543","12,701","14,957","13,390","14,128","12,011","14,262","12,841","14,085","12,029",3.5,2.5,4.1,3.07,62.5%,19.8%,"4,511",21.5%,"5,310",781,"9,893",0.84,12:40,5.0s,"10,442","12,191",13.8%,3.4%,17.2%,13.8%,6.9%,48.5%,51.5%,54.7%
曹操,对抗路,48.8%,-0.27%,7.4%,0.0%,0.1%,0.0%,0.1%,7.4%,7.5%,"2,274","15,912","14,351","16,220","14,872","15,604","13,829","15,476","13,688","15,470","13,182",2.6,2.8,4.5,2.50,53.2%,20.3%,"4,858",23.6%,"5,767",690,"9,154",0.97,13:16,6.0s,"41,811","7,551",7.9%,8.4%,16.3%,17.9%,0.5%,48.2%,49.2%,48.9%
司空震,对抗路/发育路,48.7%,-0.06%,18.3%,5.3%,9.5%,9.2%,14.9%,27.5%,33.2%,"2,270","16,623","14,973","16,555","15,372","16,690","14,573","15,762","14,664","15,665","14,079",2.5,2.6,4.2,2.53,52.7%,20.8%,"5,018",23.4%,"5,741",702,"9,255",0.98,13:11,12.5s,"21,668","8,075",9.1%,8.2%,17.3%,23.0%,2.2%,47.2%,49.7%,50.3%
狂铁,对抗路,48.7%,+0.05%,17.3%,0.5%,4.4%,2.2%,4.9%,19.6%,22.2%,"2,273","16,161","14,540","16,278","15,104","16,043","13,975","15,750","14,263","15,396","13,182",1.6,2.6,5.1,2.58,52.6%,16.7%,"3,874",27.7%,"7,067",632,"8,142",0.86,12:53,16.7s,"35,077","3,415",4.5%,6.2%,10.7%,17.9%,0.1%,47.5%,48.8%,51.3%
卢雅那,发育路,48.7%,+0.12%,20.2%,1.9%,3.4%,3.2%,5.2%,23.4%,25.4%,"2,286","15,610","13,518","15,830","13,865","15,390","13,170","14,475","13,091","14,945","12,999",3.2,3.0,5.0,2.72,58.5%,26.2%,"6,395",16.1%,"3,897",704,"9,328",1.23,13:15,10.1s,"8,689","11,058",11.2%,8.9%,20.1%,23.7%,3.5%,46.0%,50.4%,48.5%
元流之子(射手),发育路,48.4%,-0.15%,28.8%,6.0%,26.1%,16.4%,32.0%,45.2%,60.9%,"2,274","16,458","15,345","16,647","15,604","16,269","15,085","15,939","14,914","15,903","14,707",3.0,2.4,4.5,3.10,57.5%,27.8%,"6,710",16.2%,"3,857",712,"9,529",1.28,13:23,0.8s,"15,447","13,522",12.6%,12.7%,25.3%,22.4%,3.7%,51.2%,47.4%,45.7%
弈星,中路,48.3%,-0.16%,5.4%,0.0%,0.3%,0.1%,0.3%,5.5%,5.6%,"2,281","15,796","13,884","15,872","14,335","15,720","13,432","15,226","13,572","15,073","13,048",2.2,2.1,7.8,4.65,72.5%,22.2%,"4,978",13.9%,"3,229",603,"7,990",1.20,13:15,17.9s,"5,934","1,594",7.7%,11.2%,18.9%,22.5%,1.1%,45.9%,49.6%,50.5%
猪八戒,对抗路/打野,48.2%,+0.06%,4.9%,0.1%,0.6%,0.3%,0.7%,5.2%,5.6%,"2,273","15,205","13,420","15,604","13,890","14,805","12,950","15,030","13,457","14,738","12,889",2.2,3.0,4.6,2.30,52.8%,16.3%,"3,732",28.3%,"7,552",664,"8,621",0.80,12:59,16.5s,"57,346","2,958",4.2%,8.1%,12.3%,11.5%,2.3%,48.6%,48.0%,46.8%
云缨,打野,48.1%,-0.22%,7.5%,0.1%,0.4%,0.3%,0.5%,7.8%,8.1%,"2,258","15,610","14,104","15,793","14,329","15,427","13,878","14,854","13,762","15,567","13,646",3.3,2.7,4.9,3.02,63.4%,21.5%,"5,254",18.6%,"4,509",724,"9,690",0.98,13:23,16.3s,"19,897","6,287",7.7%,5.2%,12.9%,13.2%,5.2%,47.4%,48.6%,47.7%
明世隐,游走,48.1%,+0.25%,0.0%,0.0%,0.1%,0.0%,0.1%,0.1%,0.1%,"2,185","13,471","10,001","13,701","10,669","13,240","9,333","12,713","9,876","12,427","9,681",0.5,4.0,5.5,1.50,63.9%,10.5%,"1,957",20.0%,"5,084",503,"7,470",0.65,14:51,0.0s,"45,546",265,0.0%,0.0%,0.0%,0.0%,0.0%,37.3%,47.0%,47.1%
甄姬,中路,48.1%,-0.14%,5.8%,0.3%,1.9%,1.1%,2.2%,6.9%,8.0%,"2,260","15,494","14,116","15,720","14,311","15,268","13,920","15,161","13,597","15,177","13,634",1.5,2.6,6.6,3.07,61.1%,25.8%,"6,417",12.7%,"2,980",576,"7,939",1.45,13:47,26.1s,"5,661",602,4.2%,11.4%,15.6%,19.8%,0.0%,45.2%,49.7%,50.2%
娜可露露,打野,48.0%,+0.10%,1.0%,0.0%,0.0%,0.0%,0.0%,1.0%,1.0%,"2,241","14,750","13,042","14,957","13,499","14,542","12,584","14,402","12,822","14,479","12,511",4.4,3.4,4.4,2.57,60.6%,18.5%,"4,581",15.6%,"3,677",755,"10,356",0.82,13:43,2.2s,"19,620","4,307",5.7%,5.7%,11.4%,13.2%,11.3%,47.2%,48.8%,52.6%
宫本武藏,打野,48.0%,-0.04%,5.0%,0.9%,4.1%,2.5%,5.0%,7.5%,10.0%,"2,268","15,708","13,786","15,811","14,079","15,604","13,493","15,024","13,513","14,957","13,011",3.6,3.4,4.3,2.34,60.7%,16.8%,"3,944",18.1%,"4,274",730,"9,758",0.75,13:22,9.6s,"5,975","4,594",7.9%,3.4%,11.3%,13.1%,3.7%,44.7%,49.9%,49.5%
曜,打野,47.9%,+0.08%,1.4%,0.0%,0.0%,0.0%,0.1%,1.5%,1.5%,"2,243","15,357","13,502","15,537","13,993","15,177","13,011","14,610","13,054","14,341","12,584",3.9,2.4,4.7,3.67,59.0%,19.5%,"4,665",18.6%,"4,308",779,"10,672",0.84,13:42,6.1s,"37,751","5,714",11.8%,6.6%,18.4%,21.1%,1.3%,47.4%,50.2%,46.5%
元流之子(刺客),打野,47.8%,-0.21%,1.8%,0.0%,0.0%,0.0%,0.0%,1.8%,1.9%,"2,261","15,424","13,014","15,799","13,444","15,049","12,584","14,725","12,627","14,488","12,407",3.9,2.5,4.0,3.15,60.9%,19.2%,"4,362",19.0%,"4,470",775,"9,830",0.81,12:41,5.0s,"35,162","7,114",10.4%,9.4%,19.8%,17.7%,6.3%,47.1%,50.3%,48.9%
元流之子(坦克),游走/对抗路/打野,47.8%,+0.03%,1.1%,0.1%,0.0%,0.1%,0.1%,1.2%,1.2%,"2,267","14,598","12,212","14,799","13,011","14,396","11,413","14,695","12,658","14,335","11,602",2.2,3.5,7.3,2.73,64.9%,13.5%,"3,206",32.0%,"7,746",549,"7,320",0.81,13:20,20.1s,"31,087","3,634",9.8%,3.3%,13.1%,14.8%,1.6%,48.1%,47.1%,50.7%
白起,对抗路,47.7%,+0.08%,4.9%,0.0%,0.5%,0.2%,0.5%,5.2%,5.4%,"2,261","15,055","13,539","15,287","14,036","14,823","13,042","15,177","13,615","14,463","12,877",2.0,2.6,5.1,2.71,54.5%,13.2%,"2,937",28.4%,"7,484",635,"8,424",0.69,13:16,15.1s,"55,427","1,493",3.1%,2.7%,5.8%,6.1%,0.8%,46.4%,48.7%,48.1%
澜,打野,47.7%,-0.52%,2.5%,0.0%,0.1%,0.0%,0.1%,2.5%,2.6%,"2,253","15,647","13,506","15,939","14,000","15,354","13,011","14,812","13,359","14,830","13,237",4.1,3.3,3.6,2.31,58.4%,17.8%,"4,146",18.1%,"4,334",752,"9,726",0.78,12:56,3.0s,"32,143","6,146",11.3%,4.5%,15.8%,12.8%,7.5%,44.2%,49.8%,49.3%
暃,打野,47.6%,-0.03%,11.9%,0.1%,1.4%,0.7%,1.5%,12.5%,13.4%,"2,264","16,293","14,521","16,214","14,913","16,372","14,128","15,604","14,140","15,280","13,402",5.1,3.0,3.8,3.02,65.4%,20.8%,"5,019",17.2%,"4,023",752,"10,014",0.91,13:19,6.1s,"27,366","8,331",12.5%,10.3%,22.8%,15.2%,11.4%,46.7%,48.5%,52.7%
空空儿,游走,47.6%,+0.02%,7.6%,0.5%,0.7%,0.8%,1.1%,8.3%,8.8%,"2,273","16,114","14,241","16,635","14,878","15,592","13,603","15,470","13,749","15,470","12,926",1.5,2.6,9.3,4.21,73.6%,14.5%,"3,618",23.9%,"5,546",518,"7,088",0.92,13:41,17.4s,"70,780","2,464",10.4%,10.9%,21.3%,35.7%,0.0%,47.1%,47.3%,51.2%
钟无艳,对抗路/打野,47.6%,-0.05%,1.0%,0.0%,0.0%,0.0%,0.0%,1.0%,1.0%,"2,311","14,234","12,170","14,530","12,902","13,938","11,438","14,115","12,133","14,475","11,364",2.3,3.3,4.8,2.14,54.1%,18.3%,"4,251",24.6%,"5,973",664,"8,776",0.92,13:13,14.5s,"8,460","4,861",9.1%,1.8%,10.9%,18.2%,1.8%,51.2%,48.5%,44.5%
马可波罗,发育路,47.5%,+0.18%,1.4%,0.0%,0.0%,0.0%,0.0%,1.4%,1.4%,"2,263","15,403","13,460","15,329","13,762","15,476","13,158","15,049","13,213","15,030","13,097",3.7,2.8,4.8,3.04,55.4%,23.1%,"5,701",16.5%,"3,977",727,"9,827",1.07,13:31,0.8s,"10,493","10,008",7.8%,2.6%,10.4%,15.6%,5.2%,47.1%,49.3%,50.6%
张飞,游走,47.5%,+0.06%,18.6%,2.5%,10.5%,6.7%,12.9%,25.3%,31.6%,"2,263","16,016","14,550","16,196","14,945","15,836","14,154","15,561","14,372","15,244","13,884",0.6,2.0,8.1,4.45,67.6%,6.7%,"1,537",28.9%,"7,407",507,"6,785",0.43,13:23,26.4s,"14,149","1,056",7.1%,7.1%,14.2%,26.8%,0.0%,45.8%,48.5%,48.6%
亚连,对抗路,47.4%,-0.28%,0.6%,0.0%,0.0%,0.0%,0.0%,0.6%,0.6%,"2,255","14,738","12,789","14,762","13,457","14,713","12,121","14,670","13,005","14,542","11,895",3.6,3.7,3.3,1.91,50.0%,16.9%,"4,028",21.5%,"5,771",623,"8,732",0.86,14:01,8.1s,"12,992","2,001",3.4%,6.9%,10.3%,10.3%,3.4%,45.3%,51.1%,50.3%
孙权,发育路,47.4%,+0.22%,3.7%,0.1%,0.7%,0.3%,0.8%,4.1%,4.5%,"2,267","15,937","14,286","15,970","14,640","15,903","13,932","15,421","13,896","15,177","13,932",3.6,2.9,4.9,2.93,57.4%,26.1%,"6,511",18.0%,"4,301",710,"9,656",1.23,13:36,1.2s,"6,080","8,292",11.6%,7.0%,18.6%,18.1%,4.0%,45.7%,48.5%,48.5%
赵怀真,游走/对抗路,47.3%,+0.31%,3.5%,0.0%,0.0%,0.0%,0.0%,3.5%,3.5%,"2,262","15,152","13,484","15,415","14,213","14,888","12,755","15,158","13,591","14,921","12,672",1.8,3.0,7.7,3.14,65.7%,11.5%,"2,795",29.1%,"7,131",535,"7,410",0.69,13:51,20.9s,"13,797","3,031",7.0%,9.7%,16.7%,25.8%,1.1%,46.5%,47.1%,48.5%
墨子,游走/中路,47.3%,-0.08%,8.4%,0.4%,0.7%,0.7%,1.1%,9.2%,9.6%,"2,262","15,863","14,043","16,189","14,530","15,537","13,556","15,162","13,871","15,226","13,347",1.1,2.6,8.7,3.73,69.5%,16.6%,"4,086",24.9%,"5,650",514,"6,939",1.06,13:30,63.4s,"11,144","1,566",4.7%,5.4%,10.1%,21.3%,0.0%,46.8%,46.1%,49.9%
沈梦溪,中路,47.1%,+0.25%,19.8%,15.2%,24.2%,24.9%,39.5%,44.7%,59.2%,"2,277","16,443","14,967","16,702","15,293","16,183","14,640","15,616","14,561","15,634","14,366",2.5,2.2,6.2,4.01,67.2%,29.1%,"7,226",14.0%,"3,242",647,"8,659",1.48,13:23,5.1s,"6,241",839,14.6%,17.5%,32.1%,30.6%,1.5%,45.7%,48.3%,51.5%
刘禅,游走,47.0%,-0.34%,1.3%,0.1%,0.0%,0.1%,0.1%,1.4%,1.4%,"2,297","14,680","12,411","14,792","13,231","14,567","11,590","14,311","12,389","14,115","11,694",0.8,3.3,7.6,2.58,63.3%,9.2%,"2,068",32.4%,"7,534",505,"6,422",0.60,12:43,26.1s,"16,190","8,809",2.9%,5.8%,8.7%,23.1%,0.0%,46.0%,46.5%,51.1%
干将莫邪,中路,47.0%,+0.06%,0.9%,0.0%,0.0%,0.0%,0.0%,0.9%,0.9%,"2,265","14,775","13,265","15,110","13,829","14,439","12,700","14,719","13,097","14,420","12,682",3.1,2.5,4.7,3.11,58.4%,27.4%,"6,762",12.0%,"2,846",652,"8,791",1.39,13:29,2.2s,"5,946","1,107",12.2%,14.3%,26.5%,20.4%,0.0%,47.0%,45.9%,52.3%
朵莉亚,游走,47.0%,+0.34%,1.4%,0.1%,0.2%,0.1%,0.2%,1.6%,1.6%,"2,257","15,494","13,371","15,317","13,304","15,671","13,438","14,664","12,255","15,195","13,109",0.6,2.1,9.5,4.79,74.5%,10.3%,"2,415",25.3%,"6,136",519,"6,738",0.65,12:59,6.4s,"81,674","1,712",13.3%,2.7%,16.0%,36.0%,0.0%,45.6%,47.7%,43.8%
牛魔,游走,46.8%,+0.30%,0.4%,0.0%,0.0%,0.0%,0.0%,0.5%,0.5%,"2,284","13,864","11,553","13,892","12,259","13,835","10,847","14,036","11,511","13,408","11,070",0.9,2.4,8.5,3.91,68.4%,9.4%,"2,170",24.3%,"5,502",499,"6,512",0.61,13:03,27.0s,"5,282",609,4.3%,4.3%,8.6%,8.7%,0.0%,42.0%,48.8%,47.9%
钟馗,游走,46.7%,-0.29%,1.5%,0.0%,0.0%,0.1%,0.1%,1.6%,1.6%,"2,257","14,772","12,496","15,001","13,353","14,542","11,639","14,195","12,584","13,762","11,743",1.4,4.0,10.1,2.86,68.7%,10.4%,"2,485",27.4%,"6,288",506,"7,025",0.68,13:53,33.4s,"6,992",606,3.7%,0.0%,3.7%,14.8%,0.0%,47.7%,46.2%,46.5%
心魔六耳,打野/对抗路,46.7%,+0.02%,8.7%,1.8%,2.4%,2.8%,4.2%,11.4%,12.9%,"2,261","16,216","14,269","16,345","14,733","16,086","13,804","15,543","13,926","14,914","13,493",4.0,4.3,4.1,1.89,57.0%,21.7%,"5,268",17.8%,"4,162",722,"9,675",0.99,13:24,13.8s,"12,286","5,192",7.6%,7.6%,15.2%,15.8%,3.5%,44.1%,48.1%,50.1%
项羽,对抗路/游走,46.6%,+0.02%,1.3%,0.0%,0.1%,0.0%,0.1%,1.4%,1.4%,"2,265","14,354","12,325","14,701","13,231","14,006","11,419","14,219","12,737","13,884","11,801",1.4,3.1,6.0,2.41,54.9%,15.1%,"3,608",26.0%,"6,395",573,"7,736",0.85,13:30,36.6s,"29,494","1,911",1.4%,7.1%,8.5%,8.6%,0.0%,45.9%,47.3%,49.6%
安琪拉,中路,46.5%,-0.30%,2.4%,0.0%,0.1%,0.1%,0.1%,2.4%,2.5%,"2,289","15,357","13,283","15,396","13,688","15,317","12,877","14,597","12,859","15,110","12,694",2.9,2.6,5.3,3.16,58.9%,21.6%,"5,160",15.4%,"3,652",624,"8,403",1.14,13:28,11.0s,"5,687",890,6.3%,11.8%,18.1%,20.5%,0.0%,45.7%,46.8%,49.9%
嬴政,中路,46.4%,+0.07%,1.3%,0.0%,0.1%,0.0%,0.1%,1.3%,1.3%,"2,255","14,733","12,800","15,085","13,322","14,381","12,277","14,250","12,670","14,433","12,078",2.1,2.3,5.8,3.52,57.2%,28.3%,"6,999",14.8%,"3,475",642,"8,892",1.45,13:51,1.8s,"5,787","3,543",9.0%,10.4%,19.4%,17.9%,0.0%,42.7%,48.4%,51.7%
元流之子(法师),中路,46.3%,+0.08%,0.2%,0.0%,0.0%,0.0%,0.0%,0.2%,0.2%,"2,235","14,283","12,481","14,567","13,103","13,999","11,858","14,518","12,926","14,152","12,292",2.6,3.4,8.4,3.24,57.5%,22.9%,"6,105",15.4%,"3,552",667,"9,905",1.19,14:51,6.6s,"13,533","2,725",0.0%,0.0%,0.0%,10.0%,0.0%,43.0%,48.3%,54.2%
瑶,游走,46.1%,-0.21%,1.6%,0.0%,0.0%,0.0%,0.1%,1.7%,1.7%,"2,285","15,973","14,084","15,476","13,682","16,470","14,485","15,043","12,715","15,352","13,560",0.7,2.3,8.5,3.96,75.5%,11.8%,"2,637",16.4%,"3,627",522,"6,995",0.74,13:24,26.8s,"18,898",652,2.3%,3.5%,5.8%,22.1%,0.0%,43.2%,48.6%,48.7%
夏侯惇,对抗路,45.7%,-0.15%,0.1%,0.0%,0.0%,0.0%,0.0%,0.1%,0.1%,"2,246","13,737","11,275","13,761","11,940","13,713","10,610","13,777","11,529","13,884","10,925",2.6,3.1,4.6,2.27,49.1%,15.2%,"3,426",28.2%,"7,355",615,"7,708",0.83,12:32,26.6s,"21,104","5,389",0.0%,0.0%,0.0%,14.3%,0.0%,46.1%,46.3%,45.3%
蔡文姬,游走,45.4%,-0.78%,0.8%,0.1%,0.0%,0.1%,0.1%,0.9%,0.9%,"2,283","14,453","11,995","14,595","12,194","14,311","11,796","13,543","11,511","15,002","11,950",0.2,2.6,6.5,2.60,71.0%,9.6%,"2,072",26.9%,"6,860",504,"5,821",0.60,11:33,38.6s,"89,090",910,4.7%,4.7%,9.4%,21.0%,0.0%,44.6%,46.7%,47.3%
米莱狄,中路,44.9%,-0.05%,0.1%,0.1%,0.0%,0.1%,0.1%,0.2%,0.2%,"2,253","13,905","11,721","13,884","12,322","13,926","11,120","13,884","11,541","14,426","11,468",1.7,2.3,5.9,3.31,59.7%,29.1%,"7,545",11.9%,"2,882",630,"8,747",1.53,13:53,11.9s,"5,202","14,806",0.0%,14.3%,14.3%,57.2%,0.0%,49.8%,44.4%,40.5%
王昭君,中路,44.9%,+0.05%,1.0%,0.0%,0.1%,0.1%,0.1%,1.0%,1.1%,"2,264","14,866","12,945","14,853","13,085","14,879","12,804","15,011","12,584","14,530","12,428",2.7,2.8,8.3,3.90,69.4%,21.4%,"5,349",15.9%,"3,874",576,"8,006",1.23,13:54,22.4s,"4,875","1,330",7.7%,9.6%,17.3%,28.9%,1.9%,44.5%,46.4%,46.6%
程咬金,对抗路,44.7%,+0.16%,0.4%,0.0%,0.0%,0.0%,0.0%,0.4%,0.4%,"2,245","13,795","11,670","14,152","12,298","13,438","11,041","13,884","11,736","13,097","11,297",2.7,2.5,4.7,2.90,53.0%,18.2%,"4,690",31.5%,"8,811",661,"8,791",0.92,13:18,4.2s,"152,396","5,663",10.0%,15.0%,25.0%,30.0%,5.0%,44.3%,45.0%,46.2%
金蝉,中路,44.6%,+0.01%,1.2%,0.1%,0.1%,0.1%,0.2%,1.3%,1.4%,"2,261","14,155","12,252","14,329","12,676","13,981","11,828","13,975","12,160","14,982","12,365",2.1,2.8,7.0,3.24,68.0%,23.6%,"5,897",12.4%,"2,982",574,"8,285",1.34,14:26,5.2s,"6,923",670,3.1%,10.9%,14.0%,14.0%,0.0%,44.3%,46.5%,45.4%
吕布,对抗路,44.5%,-0.19%,0.8%,0.0%,0.0%,0.1%,0.1%,0.8%,0.8%,"2,251","14,274","12,440","14,628","13,024","13,920","11,856","14,323","12,853","14,274","12,121",2.6,3.6,4.7,2.01,47.2%,17.0%,"3,987",20.7%,"5,153",603,"8,261",0.91,13:42,7.6s,"19,753","2,204",0.0%,0.0%,0.0%,15.0%,2.5%,41.4%,47.6%,48.4%
姜子牙,中路,44.5%,+0.32%,0.7%,0.0%,0.0%,0.0%,0.0%,0.7%,0.7%,"2,265","14,390","11,941","14,762","12,584","14,018","11,297","13,704","11,724","14,030","11,476",2.4,2.4,6.9,3.86,59.1%,22.5%,"5,768",11.0%,"2,531",600,"8,420",1.27,14:02,16.4s,"6,649","1,911",8.6%,0.0%,8.6%,20.0%,0.0%,40.5%,46.2%,52.9%
廉颇,游走/对抗路,44.5%,-0.30%,2.5%,0.0%,0.0%,0.0%,0.0%,2.5%,2.5%,"2,257","14,643","13,067","15,110","13,719","14,176","12,414","14,854","13,109","14,213","12,413",1.3,2.6,8.0,3.58,66.0%,13.4%,"3,152",30.3%,"7,287",525,"7,219",0.83,13:45,19.4s,"26,817","1,960",8.3%,0.8%,9.1%,18.8%,0.8%,41.4%,45.4%,51.1%
妲己,中路,44.0%,+0.22%,0.8%,0.0%,0.0%,0.0%,0.0%,0.8%,0.8%,"2,254","14,427","12,484","14,738","12,810","14,115","12,157","14,311","12,243","14,652","12,170",2.3,3.5,5.8,2.31,60.3%,21.4%,"4,921",13.6%,"3,075",603,"7,608",1.17,12:37,15.9s,"5,598",627,2.5%,5.0%,7.5%,17.5%,0.0%,43.6%,47.7%,46.3%